Fiscal Survey Code,Fiscal Survey Variable,Final Mapping Status,IDB Indicator,IDB Unit,Government Scope,Basis,Mapping Method,Mapping Confidence,Mapping Score,Matched Phrases
GGREVTOTLCN,Total revenue,REVIEW,Fiscal Revenue,% of GDP,UNSPECIFIED,PCT_GDP,IDB_LMW_SOURCE_EXACT,HIGH,1575.0,fiscal revenue
GGREVVATTCN,VAT,REVIEW,Private Consumption,% of GDP,UNSPECIFIED,PCT_GDP,IDB_LMW_RULE_CANDIDATE,HIGH,153.0,vat
GGEXPTOTLCN,Total expenditure,REVIEW,Total Fiscal Expenditure,% of GDP,UNSPECIFIED,PCT_GDP,IDB_LMW_SOURCE_EXACT,HIGH,1579.0,total fiscal expenditure
GGEXPCRNTCN,Current expenditure,REVIEW,Current Fiscal Expenditures,% of GDP,UNSPECIFIED,PCT_GDP,IDB_LMW_SOURCE_EXACT,HIGH,1567.0,current fiscal expenditures
GGEXPINTPCN,Interest expense,REVIEW,Fiscal Interest Payments,% of GDP,UNSPECIFIED,PCT_GDP,IDB_LMW_SOURCE_EXACT,HIGH,1574.0,fiscal interest payments
GGEXPCAPTCN,Capital expenditure,REVIEW,Capital Fiscal Expenditures,% of GDP,UNSPECIFIED,PCT_GDP,IDB_LMW_SOURCE_EXACT,HIGH,1567.0,capital fiscal expenditures
GGBALOVRACN,Overall fiscal balance (accrual / above-the-line),REVIEW,Overall Fiscal Balance,% of GDP,UNSPECIFIED,PCT_GDP,IDB_LMW_SOURCE_EXACT,HIGH,1574.0,overall fiscal balance
GGDBTTOTLCN,Total gross debt,REVIEW,Total Public Debt,"% of GDP, end of period",UNSPECIFIED,PCT_GDP,IDB_LMW_SOURCE_EXACT,HIGH,1569.0,total public debt
GGDBTEXTLCN,External gross debt,REVIEW,External Public Debt,"% of GDP, end of period",UNSPECIFIED,PCT_GDP,IDB_LMW_SOURCE_EXACT,HIGH,1571.0,external public debt
GGDBTDOMTCN,Domestic gross debt,REVIEW,Domestic Public Debt,"% of GDP, end of period",UNSPECIFIED,PCT_GDP,IDB_LMW_SOURCE_EXACT,HIGH,1571.0,domestic public debt
