institution,signature,registry_status,registry_note,wbfd_mnemonic,wbfd_variable,mapping_method,source_dataset,TRANSACTION,MEASURE,UNIT_MEASURE,EXPENDITURE,INSTR_ASSET,ACCOUNTING_ENTRY,validated_filter
OECD,590db4f7cb360be4bedc,LOCKED,Bundled frozen production registry from user-provided mapping_tables.zip.,GGREVTOTLCN,Total revenue,,DF_GOV_PF_2025,,GR,PT_B1GQ,,,,MEASURE=GR; SECTOR=S13; UNIT_MEASURE=PT_B1GQ
OECD,590db4f7cb360be4bedc,LOCKED,Bundled frozen production registry from user-provided mapping_tables.zip.,GGREVTAXTCN,Tax revenue (including social contributions),,DF_GOV_PF_2025,,GR,PT_B1GQ,,,,MEASURE=GR; SECTOR=S13; UNIT_MEASURE=PT_B1GQ
OECD,4c7ac09186e030ad3f5d,LOCKED,Bundled frozen production registry from user-provided mapping_tables.zip.,GGREVDRCTCN,Direct taxes,,DF_GOV_TRANSACTION_2025,T_1000 + T_4000,TAX,PT_TAX_REV,,,,MEASURE=TAX; UNIT_MEASURE=PT_TAX_REV; TRANSACTION=T_1000 + T_4000
OECD,ea7f7e93c2f67ea05020,LOCKED,Bundled frozen production registry from user-provided mapping_tables.zip.,GGREVDRINCN,Income tax,,DF_GOV_TRANSACTION_2025,T_1000,TAX,PT_TAX_REV,,,,MEASURE=TAX; UNIT_MEASURE=PT_TAX_REV; TRANSACTION=T_1000
OECD,510525ebc2de733e7b2e,LOCKED,Bundled frozen production registry from user-provided mapping_tables.zip.,GGREVDRPRCN,Taxes on property,,DF_GOV_TRANSACTION_2025,T_4000,TAX,PT_TAX_REV,,,,MEASURE=TAX; UNIT_MEASURE=PT_TAX_REV; TRANSACTION=T_4000
OECD,bd5f9bb487e02d6b70bc,LOCKED,Bundled frozen production registry from user-provided mapping_tables.zip.,GGREVIDGSCN,Taxes on goods and services,,DF_GOV_TRANSACTION_2025,T_5000,TAX,PT_TAX_REV,,,,MEASURE=TAX; UNIT_MEASURE=PT_TAX_REV; TRANSACTION=T_5000
OECD,78fcfc52d2f80eba482a,LOCKED,Bundled frozen production registry from user-provided mapping_tables.zip.,GGREVSSOCCN,Social contributions,,DF_GOV_TRANSACTION_2025,T_2000,TAX,PT_TAX_REV,,,,MEASURE=TAX; UNIT_MEASURE=PT_TAX_REV; TRANSACTION=T_2000
OECD,dcd05f0cedb01da22f90,LOCKED,Bundled frozen production registry from user-provided mapping_tables.zip.,GGREVTOTHCN,Other taxes,,DF_GOV_TRANSACTION_2025,T_6000,TAX,PT_TAX_REV,,,,MEASURE=TAX; UNIT_MEASURE=PT_TAX_REV; TRANSACTION=T_6000
OECD,64a8554603a8470159c8,LOCKED,Bundled frozen production registry from user-provided mapping_tables.zip.,GGREVGRNTCN,Grants revenue,,DF_GOV_TRANSACTION_2025,CCG_O,GR,PT_OTR_S13,,,,MEASURE=GR; UNIT_MEASURE=PT_OTR_S13; TRANSACTION=CCG_O
OECD,64a8554603a8470159c8,LOCKED,Bundled frozen production registry from user-provided mapping_tables.zip.,GGREVOTHRCN,Other revenue,,DF_GOV_TRANSACTION_2025,CCG_O,GR,PT_OTR_S13,,,,MEASURE=GR; UNIT_MEASURE=PT_OTR_S13; TRANSACTION=CCG_O
OECD,4006bbccc09865bf8831,LOCKED,Bundled frozen production registry from user-provided mapping_tables.zip.,GGEXPTOTLCN,Total expenditure,,DF_GOV_PF_2025,,GE,PT_B1GQ,,,,MEASURE=GE; SECTOR=S13; UNIT_MEASURE=PT_B1GQ
OECD,8afcde665adc1e141f5d,LOCKED,Bundled frozen production registry from user-provided mapping_tables.zip.,GGEXPCRNTCN,Current expenditure,,DF_GOV_PF_2025,,GE,PT_B1GQ,,,,MEASURE=GE; UNIT_MEASURE=PT_B1GQ
OECD,c2902cac6ef6e9f1a7a3,LOCKED,Bundled frozen production registry from user-provided mapping_tables.zip.,GGEXPWAGECN,Wages and compensation,,DF_GOV_TRANSACTION_2025,D1,GE,PT_B1GQ,,,,MEASURE=GE; UNIT_MEASURE=PT_B1GQ; TRANSACTION=D1
OECD,697d8ce37ee431480be9,LOCKED,Bundled frozen production registry from user-provided mapping_tables.zip.,GGEXPGNFSCN,Use of goods and services,,DF_GOV_TRANSACTION_2025,P2,GE,PT_B1GQ,,,,MEASURE=GE; UNIT_MEASURE=PT_B1GQ; TRANSACTION=P2
OECD,03a9257cb7593bb03bc9,LOCKED,Bundled frozen production registry from user-provided mapping_tables.zip.,GGEXPINTPCN,Interest expense,,DF_GOV_TRANSACTION_2025,D4,GE,PT_B1GQ,,,,MEASURE=GE; UNIT_MEASURE=PT_B1GQ; TRANSACTION=D4
OECD,0a742fc6f732510e551d,LOCKED,Bundled frozen production registry from user-provided mapping_tables.zip.,GGEXPTPNSCN,Social security benefits,,DF_GOV_TRANSACTION_2025,D6M,GE,PT_B1GQ,,,,MEASURE=GE; UNIT_MEASURE=PT_B1GQ; TRANSACTION=D6M
OECD,310e67c4706d083c56c7,LOCKED,Bundled frozen production registry from user-provided mapping_tables.zip.,GGEXPSUBSCN,Subsidies to businesses,,DF_GOV_TRANSACTION_2025,D3,GE,PT_B1GQ,,,,MEASURE=GE; UNIT_MEASURE=PT_B1GQ; TRANSACTION=D3
OECD,39d8917c83b7e93266ad,LOCKED,Bundled frozen production registry from user-provided mapping_tables.zip.,GGEXPCROTCN,Other current expenditure,,DF_GOV_TRANSACTION_2025,_O_CE,GE,PT_B1GQ,,,,MEASURE=GE; UNIT_MEASURE=PT_B1GQ; TRANSACTION=_O_CE
OECD,70c39b684caca15c1b85,LOCKED,Bundled frozen production registry from user-provided mapping_tables.zip.,GGEXPCAPTCN,Capital expenditure,,DF_GOV_TRANSACTION_2025,KE,GE,PT_B1GQ,,,,MEASURE=GE; UNIT_MEASURE=PT_B1GQ; TRANSACTION=KE
OECD,15b8034c45b8a6d04920,LOCKED,Bundled frozen production registry from user-provided mapping_tables.zip.,GGEXPKINVCN,Capital investment,,DF_GOV_PF_2025,,GINV,PT_B1GQ,,,,MEASURE=GINV; SECTOR=S13; UNIT_MEASURE=PT_B1GQ
OECD,70c39b684caca15c1b85,LOCKED,Bundled frozen production registry from user-provided mapping_tables.zip.,GGEXPKTRNCN,Other capital expenditure,,DF_GOV_TRANSACTION_2025,KE,GE,PT_B1GQ,,,,MEASURE=GE; UNIT_MEASURE=PT_B1GQ; TRANSACTION=KE
OECD,560066c1cf8fb7dcf4e9,LOCKED,Bundled frozen production registry from user-provided mapping_tables.zip.,GGBALOVRACN,Overall fiscal balance (accrual / above-the-line),,DF_GOV_PF_2025,,GNLB,PT_B1GQ,,,,MEASURE=GNLB; SECTOR=S13; UNIT_MEASURE=PT_B1GQ
OECD,6b2033b03d9bd37302fe,LOCKED,Bundled frozen production registry from user-provided mapping_tables.zip.,GGDBTTOTLCN,Total gross debt,,DF_GOV_PF_2025,,GGD,PT_B1GQ,,,,MEASURE=GGD; SECTOR=S13; UNIT_MEASURE=PT_B1GQ
