institution,signature,registry_status,registry_note,wbfd_mnemonic,wbfd_variable,SOURCE_DATAFLOW,ADB_INDICATOR_CODE,indicator_original,unit_original
ADB,ebc55fb653e99ed40ccb,LOCKED,Bundled frozen production registry from user-provided mapping_tables.zip.,GGBALOVRACN,Overall fiscal balance (accrual / above-the-line),DF_GOV,GXCNL_G14_GG_XDC,Net lending/Net borrowing,
ADB,8dca45a8e0ebf5bb084e,LOCKED,Bundled frozen production registry from user-provided mapping_tables.zip.,GGEXPCAPTCN,Capital expenditure,DF_GOV,GTENL_CAPE_G86_XDC_PS,Capital expenditure,
ADB,59055c219579aaecdfa3,LOCKED,Bundled frozen production registry from user-provided mapping_tables.zip.,GGEXPCRNTCN,Current expenditure,DF_GOV,GTENL_CE_G86_XDC_PS,Current expenditure,
ADB,e42780c21f2703983cdf,LOCKED,Bundled frozen production registry from user-provided mapping_tables.zip.,GGEXPGNFSCN,Use of goods and services,DF_GOV,GEGS_G14_GG_XDC,Use of goods and services,
ADB,6dca47c2f9ce3c912d5f,LOCKED,Bundled frozen production registry from user-provided mapping_tables.zip.,GGEXPINTPCN,Interest expense,DF_SDG,DT_TDS_DECT,"Debt service as a Proportion of Exports of Goods, Services and Primary Income",
ADB,93ba29fe93296bc37307,LOCKED,Bundled frozen production registry from user-provided mapping_tables.zip.,GGEXPKCFKCN,Consumption of fixed capital,DF_NA,NGDE_R_XDC,"Expenditure at constant prices, Total",
ADB,7b628f0e7625fdefd503,LOCKED,Bundled frozen production registry from user-provided mapping_tables.zip.,GGEXPKINVCN,Capital investment,DF_NA,NIF_GCF_XGDP_PS,Gross capital formation (%),
ADB,b2c83da76c00f20ea67f,LOCKED,Bundled frozen production registry from user-provided mapping_tables.zip.,GGEXPKTRNCN,Other capital expenditure,DF_GLOB,BK_BP6_USD,Capital account,
ADB,c3c43d742258c68f7082,LOCKED,Bundled frozen production registry from user-provided mapping_tables.zip.,GGEXPSUBSCN,Subsidies to businesses,DF_GOV,GEST_G14_GG_XDC,Subsidies,
ADB,6b8f52df0dff25244c4d,LOCKED,Bundled frozen production registry from user-provided mapping_tables.zip.,GGEXPTOTLCN,Total expenditure,DF_GOV,GEFTE_E_XDC_PS,Expenditure-Education,
ADB,cf0814c61eaaa30b81af,LOCKED,Bundled frozen production registry from user-provided mapping_tables.zip.,GGEXPTPNSCN,Social security benefits,DF_GOV,GEFTE_SP_XGDP_PS,Social protection (%),
ADB,308b8d6cc5c48140b598,LOCKED,Bundled frozen production registry from user-provided mapping_tables.zip.,GGEXPTSOCCN,Social assistance,DF_SDG,SI_COV_BENFTS,Proportion of Population Covered by at least One Social Protection Benefit,
ADB,c3e91d9b71057cf4838e,LOCKED,Bundled frozen production registry from user-provided mapping_tables.zip.,GGEXPWAGECN,Wages and compensation,DF_GOV,GRTPAY_G14_GG_XDC,Taxes on payroll and workforce,
ADB,469807ba723f7b3c9291,LOCKED,Bundled frozen production registry from user-provided mapping_tables.zip.,GGREVCUSTCN,Customs & other import duties,DF_NA,NGDP_IMD_R_XDC_PS,Import duties at constant prices,
ADB,5ed3b43498e2c4b539d3,LOCKED,Bundled frozen production registry from user-provided mapping_tables.zip.,GGREVDRINCN,Income tax,DF_GOV,GRTIC_G14_GG_XDC,"Taxes on income, profits, and capital gains-Payable by corporations and other enterprises",
ADB,3f989a1ec1843d0bf977,LOCKED,Bundled frozen production registry from user-provided mapping_tables.zip.,GGREVDRPRCN,Taxes on property,DF_GOV,GRTP_G14_GG_XDC,Taxes on property,
ADB,d660e8c9134e4edbd10e,LOCKED,Bundled frozen production registry from user-provided mapping_tables.zip.,GGREVIDGSCN,Taxes on goods and services,DF_GOV,GRTGS_G14_GG_XDC,Taxes on goods and services,
ADB,75e2d0a13e7e4e9987a7,LOCKED,Bundled frozen production registry from user-provided mapping_tables.zip.,GGREVOTHRCN,Other revenue,DF_GOV,GRO_G14_GG_XDC,Other revenue,
ADB,079360440c5c725b794a,LOCKED,Bundled frozen production registry from user-provided mapping_tables.zip.,GGREVSSOCCN,Social contributions,DF_GOV,GRS_G14_GG_XDC,Social contributions,
ADB,75a1bbf90620f5c3467a,LOCKED,Bundled frozen production registry from user-provided mapping_tables.zip.,GGREVTOTHCN,Other taxes,DF_GOV,GRTO_G14_GG_XDC,Other taxes,
ADB,11e6231eb061718a761f,LOCKED,Bundled frozen production registry from user-provided mapping_tables.zip.,GGREVTOTLCN,Total revenue,DF_GOV,GTRG_TR_G86_XDC_PS,Total revenue,
ADB,7466914980e60457da74,LOCKED,Bundled frozen production registry from user-provided mapping_tables.zip.,GGREVVATTCN,VAT,DF_NA,NGDPVAT_R_XDC_PS,Value-added tax at constant prices,
