institution,signature,registry_status,registry_note,wbfd_mnemonic,wbfd_variable,mapping_method,dataset_id,indicator_code,indicator_original,unit_original
AFDB,c87b92855ebf0a7ee7c2,LOCKED,Bundled APPROVED 9-code production registry from AFDB pre-reconcile backup; 18-row candidate auto-reconcile is intentionally excluded.,GGREVDRCTCN,Direct taxes,,nbyenxf,1000390,"Direct taxes (on income, profits)",
AFDB,d930c5eb0dfbf83c2492,LOCKED,Bundled APPROVED 9-code production registry from AFDB pre-reconcile backup; 18-row candidate auto-reconcile is intentionally excluded.,GGEXPCRNTCN,Current expenditure,,nbyenxf,1000310,Central Government - Current expenditure (Loc. Curr.),in Local currency
AFDB,e126194eab91695c7422,LOCKED,Bundled APPROVED 9-code production registry from AFDB pre-reconcile backup; 18-row candidate auto-reconcile is intentionally excluded.,GGEXPWAGECN,Wages and compensation,,nbyenxf,1000380,Central Government - Current expenditure : Wages and salaries (Loc. Curr.),in Local currency
AFDB,4875c9b3d2703eb75724,LOCKED,Bundled APPROVED 9-code production registry from AFDB pre-reconcile backup; 18-row candidate auto-reconcile is intentionally excluded.,GGEXPINTPCN,Interest expense,,nbyenxf,1005810,Interest payments,
AFDB,da42d4ba6c82ec64c6ca,LOCKED,Bundled APPROVED 9-code production registry from AFDB pre-reconcile backup; 18-row candidate auto-reconcile is intentionally excluded.,GGEXPTOTRCN,Other current expenditure,,nbyenxf,1005800,Other current expenditure,
AFDB,188a0ea0998c1b453ad1,LOCKED,Bundled APPROVED 9-code production registry from AFDB pre-reconcile backup; 18-row candidate auto-reconcile is intentionally excluded.,GGEXPCAPTCN,Capital expenditure,,nbyenxf,1000300,Central Government - Capital expenditure (Loc. Curr.),in Local currency
AFDB,bb47e0939788c3d7bd6f,LOCKED,Bundled APPROVED 9-code production registry from AFDB pre-reconcile backup; 18-row candidate auto-reconcile is intentionally excluded.,GGDBTEXTLCN,External debt,,nbyenxf,1001860,Total External Public Debt (Current USD),Current US $
AFDB,46c78dfd53d25c2a22dd,LOCKED,Bundled APPROVED 9-code production registry from AFDB pre-reconcile backup; 18-row candidate auto-reconcile is intentionally excluded.,GGDBTDOMLCN,Domestic debt,,nbyenxf,1001900,Total Government Domestic debt (in Local currency),in Local currency
AFDB,ecca2dea97413f9cb5f7,LOCKED,Bundled APPROVED 9-code production registry from AFDB pre-reconcile backup; 18-row candidate auto-reconcile is intentionally excluded.,GGDBTINTCN,Debt interest / interest payments,,nbyenxf,1002130,Total debt interest paid (Cur. USD),Current US $
