institution,signature,registry_status,registry_note,wbfd_mnemonic,wbfd_variable,INDICATOR_ID,indicator_original,unit_original
ECLAC,a5693ab673f943aadce5,LOCKED,Bundled frozen production registry from user-provided mapping_tables.zip.,GGBALDISCCN,Discrepancy between cash and commitment balance,4409,Jamaica | Central government | Statistical discrepancy,Millions of national currency
ECLAC,565c987d9a1d4a40518e,LOCKED,Bundled frozen production registry from user-provided mapping_tables.zip.,GGBALOVRACN,Overall fiscal balance (accrual / above-the-line),1259,Antigua and Barbuda | Overall fiscal balance | Central government,Local currency at current prices
ECLAC,69dfb654248f9e5d0927,LOCKED,Bundled frozen production registry from user-provided mapping_tables.zip.,GGDBTTOTLCN,Total gross debt,1239,Argentina | Central government | Internal debt,In millions of dollars at current prices
ECLAC,e6fb59030f37e3790567,LOCKED,Bundled frozen production registry from user-provided mapping_tables.zip.,GGEXPCAPTCN,Capital expenditure,3915,Cuba | Global,Percentage
ECLAC,ebb0a5aa5eb8f9dbfd74,LOCKED,Bundled frozen production registry from user-provided mapping_tables.zip.,GGEXPCRNTCN,Current expenditure,1259,Antigua and Barbuda | Current expenditure | Central government,Local currency at current prices
ECLAC,55abff1583df8d6be079,LOCKED,Bundled frozen production registry from user-provided mapping_tables.zip.,GGEXPCROTCN,Other current expenditure,1259,Antigua and Barbuda | Other current expenditure | Central government,Local currency at current prices
ECLAC,8017bef1ae1d3c75f7cb,LOCKED,Bundled frozen production registry from user-provided mapping_tables.zip.,GGEXPINTPCN,Interest expense,1259,Antigua and Barbuda | Interest payments | Central government,Local currency at current prices
ECLAC,c5c612f3145f4dc7c3ef,LOCKED,Bundled frozen production registry from user-provided mapping_tables.zip.,GGEXPKINVCN,Capital investment,4244,Argentina | Total,Millions of dollars
ECLAC,3d4bc11285f7787e8d3a,LOCKED,Bundled frozen production registry from user-provided mapping_tables.zip.,GGEXPKTRNCN,Other capital expenditure,1259,Antigua and Barbuda | Other capital expenditure | Central government,Local currency at current prices
ECLAC,204637ae6492de575626,LOCKED,Bundled frozen production registry from user-provided mapping_tables.zip.,GGEXPSUBSCN,Subsidies to businesses,4826,Antigua and Barbuda | Global,Billions of current United States dollars
ECLAC,0dabf948a207ad1c3efd,LOCKED,Bundled frozen production registry from user-provided mapping_tables.zip.,GGEXPTOTHCN,All other current transfers,1259,Antigua and Barbuda | Subsidies and other current transfers | Central government,Local currency at current prices
ECLAC,364a60922b50eeab8698,LOCKED,Bundled frozen production registry from user-provided mapping_tables.zip.,GGEXPTOTLCN,Total expenditure,3744,Argentina | Global,Index
ECLAC,cf105d9317d4aab9c631,LOCKED,Bundled frozen production registry from user-provided mapping_tables.zip.,GGEXPTPNSCN,Social security benefits,5431,Bahamas | Global,Percentage
ECLAC,c5050cb92e9983dab388,LOCKED,Bundled frozen production registry from user-provided mapping_tables.zip.,GGEXPTRNSCN,Current transfers,2199,Current transfers n.e.c. from residents | 2008,National Currency
ECLAC,51de62ae54615590abc5,LOCKED,Bundled frozen production registry from user-provided mapping_tables.zip.,GGEXPTSOCCN,Social assistance,3694,Mexico | Both sexes | Global,Percentage
ECLAC,8583342cdd7e0afd34b7,LOCKED,Bundled frozen production registry from user-provided mapping_tables.zip.,GGEXPWAGECN,Wages and compensation,4634,Brazil | [D1]Compensation of employees,Million of dollars
ECLAC,f58d701abd3bb522646b,LOCKED,Bundled frozen production registry from user-provided mapping_tables.zip.,GGREVDRCTCN,Direct taxes,845,Antigua and Barbuda | Central government | Other direct taxes,Local currency at current prices
ECLAC,9a99e88270525883edda,LOCKED,Bundled frozen production registry from user-provided mapping_tables.zip.,GGREVDRINCN,Income tax,2199,"Current taxes on income, wealth, etc. | 2008",National Currency
ECLAC,f58d701abd3bb522646b,LOCKED,Bundled frozen production registry from user-provided mapping_tables.zip.,GGREVDROTCN,Other direct taxes,845,Antigua and Barbuda | Central government | Other direct taxes,Local currency at current prices
ECLAC,e10890b093ddfbb834a2,LOCKED,Bundled frozen production registry from user-provided mapping_tables.zip.,GGREVDRPRCN,Taxes on property,845,Antigua and Barbuda | Central government | Taxes on property,Local currency at current prices
ECLAC,6d983d0a656f73a207a0,LOCKED,Bundled frozen production registry from user-provided mapping_tables.zip.,GGREVGNFSCN,General taxes on goods & services (incl. VAT/Sales),845,Antigua and Barbuda | Central government | General taxes on goods and services,Local currency at current prices
ECLAC,6d983d0a656f73a207a0,LOCKED,Bundled frozen production registry from user-provided mapping_tables.zip.,GGREVIDGSCN,Taxes on goods and services,845,Antigua and Barbuda | Central government | General taxes on goods and services,Local currency at current prices
ECLAC,d60701cb13d0553d1a77,LOCKED,Bundled frozen production registry from user-provided mapping_tables.zip.,GGREVSSOCCN,Social contributions,2199,Social contributions | 2003,National Currency
ECLAC,89abc2c8491cd5d6c15c,LOCKED,Bundled frozen production registry from user-provided mapping_tables.zip.,GGREVTAXTCN,Tax revenue (including social contributions),845,Antigua and Barbuda | Central government | Corporations and enterprises,Local currency at current prices
ECLAC,0a3a7ea567450ff8ade1,LOCKED,Bundled frozen production registry from user-provided mapping_tables.zip.,GGREVTOTHCN,Other taxes,845,Antigua and Barbuda | Central government | Other taxes,Local currency at current prices
ECLAC,42ef4175f3a0c87c9189,LOCKED,Bundled frozen production registry from user-provided mapping_tables.zip.,GGREVTOTLCN,Total revenue,4142,Bahamas | Global,Local currency (millions)
ECLAC,8d5ed5c36f3cb374d0a7,LOCKED,Bundled frozen production registry from user-provided mapping_tables.zip.,GGREVTRDECN,Taxes on international trade and transactions,845,Antigua and Barbuda | Central government | Taxes on international trade and transactions,Local currency at current prices
ECLAC,e051327316234390df6b,LOCKED,Bundled frozen production registry from user-provided mapping_tables.zip.,GGREVVATTCN,VAT,4405,Guatemala | Voluntary private | Total,Millions of national currency
