institution,signature,registry_status,registry_note,wbfd_mnemonic,wbfd_variable,mapping_method,source_dataset,TRANSACTION,UNIT_MEASURE,indicator_original,unit_original
EUROSTAT,d6cd3398662a73b212c3,LOCKED,Bundled 15-code pre-reconcile production registry from user-provided mapping_tables.zip. Exact API indicator key is rebuilt deterministically from locked TRANSACTION and UNIT_MEASURE.,GGREVTOTLCN,Total revenue,EUROSTAT_WORKBOOK_DIRECT,gov_10a_main,TR,MIO_NAC,freq=A|unit=MIO_NAC|sector=S13|na_item=TR,MIO_NAC
EUROSTAT,209096483960225ae842,LOCKED,Bundled 15-code pre-reconcile production registry from user-provided mapping_tables.zip. Exact API indicator key is rebuilt deterministically from locked TRANSACTION and UNIT_MEASURE.,GGREVDRPICN,Personal income tax,EUROSTAT_WORKBOOK_DIRECT,gov_10a_taxag,D51A,MIO_NAC,freq=A|unit=MIO_NAC|sector=S13|na_item=D51A,MIO_NAC
EUROSTAT,4bbbf2408e10c5cdce8b,LOCKED,Bundled 15-code pre-reconcile production registry from user-provided mapping_tables.zip. Exact API indicator key is rebuilt deterministically from locked TRANSACTION and UNIT_MEASURE.,GGREVDRCICN,Corporate income tax,EUROSTAT_WORKBOOK_DIRECT,gov_10a_taxag,D51B,MIO_NAC,freq=A|unit=MIO_NAC|sector=S13|na_item=D51B,MIO_NAC
EUROSTAT,bdefbe66b62fb4f0a852,LOCKED,Bundled 15-code pre-reconcile production registry from user-provided mapping_tables.zip. Exact API indicator key is rebuilt deterministically from locked TRANSACTION and UNIT_MEASURE.,GGREVVATTCN,VAT,EUROSTAT_WORKBOOK_DIRECT,gov_10a_taxag,D211,MIO_NAC,freq=A|unit=MIO_NAC|sector=S13|na_item=D211,MIO_NAC
EUROSTAT,7cb7c5caf1c93605710b,LOCKED,Bundled 15-code pre-reconcile production registry from user-provided mapping_tables.zip. Exact API indicator key is rebuilt deterministically from locked TRANSACTION and UNIT_MEASURE.,GGREVCUSTCN,Customs & other import duties,EUROSTAT_WORKBOOK_DIRECT,gov_10a_taxag,D2121,MIO_NAC,freq=A|unit=MIO_NAC|sector=S13|na_item=D2121,MIO_NAC
EUROSTAT,40e0abc4aa12b60cf2b9,LOCKED,Bundled 15-code pre-reconcile production registry from user-provided mapping_tables.zip. Exact API indicator key is rebuilt deterministically from locked TRANSACTION and UNIT_MEASURE.,GGREVEXPTCN,Taxes on exports,EUROSTAT_WORKBOOK_DIRECT,gov_10a_taxag,D214K,MIO_NAC,freq=A|unit=MIO_NAC|sector=S13|na_item=D214K,MIO_NAC
EUROSTAT,220ade578fa9b8b0e492,LOCKED,Bundled 15-code pre-reconcile production registry from user-provided mapping_tables.zip. Exact API indicator key is rebuilt deterministically from locked TRANSACTION and UNIT_MEASURE.,GGREVSSOCCN,Social contributions,EUROSTAT_WORKBOOK_DIRECT,gov_10a_taxag,D61,MIO_NAC,freq=A|unit=MIO_NAC|sector=S13|na_item=D61,MIO_NAC
EUROSTAT,07796149028fbd32b598,LOCKED,Bundled 15-code pre-reconcile production registry from user-provided mapping_tables.zip. Exact API indicator key is rebuilt deterministically from locked TRANSACTION and UNIT_MEASURE.,GGREVINTRCN,Interest revenue,EUROSTAT_WORKBOOK_DIRECT,gov_10a_main,D41REC,MIO_NAC,freq=A|unit=MIO_NAC|sector=S13|na_item=D41REC,MIO_NAC
EUROSTAT,d08e58762840567c569d,LOCKED,Bundled 15-code pre-reconcile production registry from user-provided mapping_tables.zip. Exact API indicator key is rebuilt deterministically from locked TRANSACTION and UNIT_MEASURE.,GGEXPTOTLCN,Total expenditure,EUROSTAT_WORKBOOK_DIRECT,gov_10a_main,TE,MIO_NAC,freq=A|unit=MIO_NAC|sector=S13|na_item=TE,MIO_NAC
EUROSTAT,77fff8b1b5fadb2a0ab5,LOCKED,Bundled 15-code pre-reconcile production registry from user-provided mapping_tables.zip. Exact API indicator key is rebuilt deterministically from locked TRANSACTION and UNIT_MEASURE.,GGEXPWAGECN,Wages and compensation,EUROSTAT_WORKBOOK_DIRECT,gov_10a_main,D1PAY,MIO_NAC,freq=A|unit=MIO_NAC|sector=S13|na_item=D1PAY,MIO_NAC
EUROSTAT,bd52d9447b5f018ed06f,LOCKED,Bundled 15-code pre-reconcile production registry from user-provided mapping_tables.zip. Exact API indicator key is rebuilt deterministically from locked TRANSACTION and UNIT_MEASURE.,GGEXPINTPCN,Interest expense,EUROSTAT_WORKBOOK_DIRECT,gov_10a_main,D41PAY,MIO_NAC,freq=A|unit=MIO_NAC|sector=S13|na_item=D41PAY,MIO_NAC
EUROSTAT,f77f3a9e9a5770330b30,LOCKED,Bundled 15-code pre-reconcile production registry from user-provided mapping_tables.zip. Exact API indicator key is rebuilt deterministically from locked TRANSACTION and UNIT_MEASURE.,GGEXPTSOCCN,Social assistance,EUROSTAT_WORKBOOK_DIRECT,gov_10a_main,D623PAY,MIO_NAC,freq=A|unit=MIO_NAC|sector=S13|na_item=D623PAY,MIO_NAC
EUROSTAT,a1030f3a12996da34ed2,LOCKED,Bundled 15-code pre-reconcile production registry from user-provided mapping_tables.zip. Exact API indicator key is rebuilt deterministically from locked TRANSACTION and UNIT_MEASURE.,GGEXPSUBSCN,Subsidies to businesses,EUROSTAT_WORKBOOK_DIRECT,gov_10a_main,D3PAY,MIO_NAC,freq=A|unit=MIO_NAC|sector=S13|na_item=D3PAY,MIO_NAC
EUROSTAT,ac627e70b2f24bc02309,LOCKED,Bundled 15-code pre-reconcile production registry from user-provided mapping_tables.zip. Exact API indicator key is rebuilt deterministically from locked TRANSACTION and UNIT_MEASURE.,GGEXPKCFKCN,Consumption of fixed capital,EUROSTAT_WORKBOOK_DIRECT,gov_10a_main,P51C,MIO_NAC,freq=A|unit=MIO_NAC|sector=S13|na_item=P51C,MIO_NAC
EUROSTAT,f47ded3a41b89ac1a0ce,LOCKED,Bundled 15-code pre-reconcile production registry from user-provided mapping_tables.zip. Exact API indicator key is rebuilt deterministically from locked TRANSACTION and UNIT_MEASURE.,GGBALOVRACN,Overall fiscal balance (accrual / above-the-line),EUROSTAT_WORKBOOK_DIRECT,gov_10a_main,B9,MIO_NAC,freq=A|unit=MIO_NAC|sector=S13|na_item=B9,MIO_NAC
