institution,signature,registry_status,registry_note,wbfd_mnemonic,wbfd_variable,indicator_original,unit_original,SOURCE_RESOURCE,source_resource_id
IDB,37b90bb9292accc364ce,LOCKED,Bundled frozen Fiscal Survey code registry. IDB collector remains the user-supplied fixed Annual Series collector; runner filters its production output to these codes.,GGREVTOTLCN,Total revenue,,,,
IDB,0463302381754f056b03,LOCKED,Bundled frozen Fiscal Survey code registry. IDB collector remains the user-supplied fixed Annual Series collector; runner filters its production output to these codes.,GGEXPTOTLCN,Total expenditure,,,,
IDB,1d990ddf8221316dd386,LOCKED,Bundled frozen Fiscal Survey code registry. IDB collector remains the user-supplied fixed Annual Series collector; runner filters its production output to these codes.,GGEXPWAGECN,Wages and compensation,,,,
IDB,f0c60d40a2e4a3494d25,LOCKED,Bundled frozen Fiscal Survey code registry. IDB collector remains the user-supplied fixed Annual Series collector; runner filters its production output to these codes.,GGEXPINTPCN,Interest expense,,,,
IDB,dbe74f67c3425ad76251,LOCKED,Bundled frozen Fiscal Survey code registry. IDB collector remains the user-supplied fixed Annual Series collector; runner filters its production output to these codes.,GGEXPTRNSCN,Current transfers,,,,
IDB,b2dabfea222d0a7bbd4c,LOCKED,Bundled frozen Fiscal Survey code registry. IDB collector remains the user-supplied fixed Annual Series collector; runner filters its production output to these codes.,GGBALOVRACN,Overall fiscal balance (accrual / above-the-line),,,,
IDB,9d8c0013086b1d9727ea,LOCKED,Bundled frozen Fiscal Survey code registry. IDB collector remains the user-supplied fixed Annual Series collector; runner filters its production output to these codes.,GGDBTTOTLCN,Total gross debt,,,,
IDB,ec12d0ae7e5103eb29d4,LOCKED,Bundled frozen Fiscal Survey code registry. IDB collector remains the user-supplied fixed Annual Series collector; runner filters its production output to these codes.,GGDBTEXTLCN,External gross debt,,,,
IDB,5eecb42ccb0c8e4113c6,LOCKED,Bundled frozen Fiscal Survey code registry. IDB collector remains the user-supplied fixed Annual Series collector; runner filters its production output to these codes.,GGDBTDOMTCN,Domestic gross debt,,,,
